<?xml version="1.0" encoding="UTF-8"?>
<!DOCTYPE hibernate-configuration PUBLIC "-//Hibernate/Hibernate Configuration DTD 3.0//EN" "http://hibernate.org/dtd/hibernate-configuration-3.0.dtd">
<hibernate-configuration>
  <session-factory>
    <!-- Database connection properties - Driver, URL, user, password -->
    <property name="hibernate.connection.driver_class">com.mysql.jdbc.Driver</property>
    <property name="hibernate.connection.url">jdbc:mysql://localhost:3306/Price_comparison?serverTimezone=UTC</property>
    <property name="hibernate.connection.username">root</property>
    <property name="hibernate.connection.password"/>
    <property name="hibernate.dialect">org.hibernate.dialect.MySQLDialect</property>
    <property name="hbm2ddl.auto">update</property>
    <property name="hibernate.show_sql">true</property>

  </session-factory>
</hibernate-configuration>

